Model	AUC 	Accuracy	Lower	 Odds   ratio	 Upper	 p-value
AGRV 	0.91	0.91    	67.2 	 67.7        	 68.2 	 <0.00001
AGRC 	0.82	0.88    	28.4 	 28.8        	 29.3 	 <0.00001
AGR  	0.82	0.86    	17.2 	 17.6        	 18.0 	 <0.00001
AG   	0.68	0.81    	 2.8 	  4.4        	  6.0 	  0.00717
A    	0.68	0.81    	 2.8 	  4.4        	  6.0 	  0.00717
